{"SRW error": 6.0099999999999998, "beta": [[25.027840778279462, 29.653471377878599], 2241358.7665666472, {"warnflag": 0, "task": "CONVERGENCE: REL_REDUCTION_OF_F_<=_FACTR*EPSMCH", "grad": [-0.0008629889263431275, -0.0014286833860015866], "nit": 15, "funcalls": 16}], "train set": [45, 689, 33, 726, 937, 307, 422, 98, 173, 780, 923, 249, 494, 862, 426, 370, 181, 182, 492, 155, 371, 515, 619, 926, 723, 844, 481, 695, 8, 681, 42, 718, 198, 88, 27, 924, 586, 179, 358, 960, 6, 135, 707, 113, 466, 408, 354, 261, 823, 55, 204, 35, 22, 1, 61, 65, 211, 877, 102, 312, 436, 440, 343, 222, 23, 150, 141, 676, 93, 851, 276, 509, 827, 830, 435, 848, 92, 338, 40, 19, 476, 137, 525, 287, 329, 391, 15, 207, 199, 417, 690, 104, 304, 9, 401, 162, 720, 449, 948, 7], "test set": [224, 121, 866, 14, 69, 661, 885, 650, 497, 559, 456, 691, 57, 365, 248, 906, 876, 237, 142, 500, 741, 533, 974, 468, 72, 572, 58, 617, 507, 455, 769, 488, 592, 265, 151, 168, 82, 158, 607, 387, 959, 80, 44, 628, 443, 146, 193, 362, 927, 109, 306, 415, 352, 419, 386, 29, 936, 124, 820, 713, 214, 956, 268, 0, 66, 139, 5, 186, 502, 81, 77, 257, 557, 253, 31, 756, 25, 50, 457, 56, 60, 83, 890, 11, 97, 694, 191, 30, 838, 271, 437, 908, 861, 203, 197, 427, 24, 54, 573, 189], "UW error": 6.2000000000000002}
