{"SRW error": 6.2999999999999998, "beta": [[11.173844944071426, 3.7786581117397544], 4193634.278783896, {"warnflag": 0, "task": "CONVERGENCE: REL_REDUCTION_OF_F_<=_FACTR*EPSMCH", "grad": [0.21279151358749004, -0.45508442813411421], "nit": 12, "funcalls": 14}], "train set": [33, 927, 588, 283, 8, 533, 271, 54, 106, 798, 617, 210, 222, 189, 26, 813, 661, 309, 619, 690, 191, 127, 708, 13, 889, 2, 607, 126, 803, 676, 342, 695, 307, 110, 792, 85, 912, 52, 713, 751, 974, 109, 924, 910, 1, 499, 926, 779, 124, 820, 831, 343, 370, 44, 456, 224, 81, 473, 249, 42, 151, 937, 15, 691, 426, 350, 121, 838, 120, 261, 0, 239, 720, 861, 181, 778, 391, 30, 58, 492, 817, 197, 78, 997, 138, 851, 928, 906, 417, 83, 223, 908, 102, 419, 457, 656, 20, 485, 707, 507, 603, 694, 429, 557, 6, 745, 408, 87, 542, 171, 61, 354, 158, 143, 248, 572, 137, 723, 497, 25, 207, 84, 100, 140, 677, 830, 114, 24, 330, 14, 433, 57, 481, 936, 559, 375, 827, 11, 848, 726, 179, 780, 866, 435, 717, 56, 769, 509, 455, 34, 712, 305, 312, 440, 525, 515, 960, 35, 77, 19, 314, 263, 111, 73, 5, 80, 639, 890, 885, 452, 139, 468, 681, 449, 214, 284, 796, 267, 805, 306, 436, 277, 422, 409, 213, 488, 628, 862, 260, 198, 204, 823, 47, 287, 876, 55, 201, 268, 500, 200], "test set": [437, 203, 415, 217, 450, 329, 443, 352, 948, 401, 919, 618, 358, 62, 387, 45, 173, 105, 875, 113, 586, 243, 229, 75, 959, 427, 41, 31, 68, 274, 285, 320, 168, 334, 29, 60, 276, 253, 142, 304, 280, 23, 650, 685, 303, 225, 50, 146, 493, 394, 72, 353, 466, 49, 22, 103, 9, 732, 655, 684, 65, 182, 97, 554, 338, 741, 362, 596, 293, 51, 21, 205, 238, 365, 48, 199, 7, 3, 923, 202, 877, 592, 46, 718, 240, 551, 162, 265, 93, 10, 40, 785, 956, 392, 918, 257, 27, 155, 59, 782], "UW error": 6.0800000000000001}
