{"SRW error": 6.4100000000000001, "beta": [[10.780157708590325, 4.1094469883937119], 4142522.0771084051, {"warnflag": 0, "task": "CONVERGENCE: REL_REDUCTION_OF_F_<=_FACTR*EPSMCH", "grad": [-0.00045791021102559171, 0.0046147849740805214], "nit": 13, "funcalls": 18}], "train set": [69, 525, 908, 38, 851, 102, 468, 362, 375, 158, 29, 639, 559, 707, 557, 338, 114, 906, 923, 1, 191, 394, 21, 59, 46, 452, 507, 173, 756, 100, 210, 370, 408, 717, 284, 936, 353, 365, 92, 10, 62, 848, 199, 417, 181, 440, 437, 19, 9, 453, 225, 168, 201, 475, 329, 211, 422, 502, 320, 27, 239, 182, 500, 387, 110, 140, 655, 429, 293, 708, 121, 443, 485, 98, 42, 823, 409, 68, 309, 628, 551, 391, 124, 223, 779, 276, 260, 876, 0, 926, 875, 271, 386, 40, 956, 78, 718, 72, 237, 596, 222, 209, 457, 509, 997, 928, 607, 427, 97, 65, 831, 305, 205, 792, 240, 726, 137, 244, 912, 43, 676, 58, 709, 47, 203, 248, 586, 35, 306, 436, 81, 174, 745, 75, 499, 265, 257, 838, 3, 573, 263, 30, 60, 720, 26, 229, 120, 796, 93, 146, 85, 189, 435, 238, 126, 334, 7, 603, 127, 285, 104, 960, 217, 151, 861, 277, 885, 554, 542, 207, 456, 202, 280, 924, 109, 5, 31, 392, 684, 88, 106, 50, 691, 455, 450, 204, 685, 150, 6, 66, 267, 354, 142, 268, 782, 798, 650, 312, 533, 803], "test set": [661, 769, 2, 213, 330, 84, 8, 77, 617, 135, 862, 45, 910, 830, 303, 419, 466, 449, 283, 15, 401, 113, 959, 927, 741, 82, 44, 25, 162, 343, 360, 287, 274, 492, 304, 877, 889, 34, 307, 433, 350, 890, 139, 713, 415, 143, 473, 371, 20, 494, 695, 778, 193, 919, 171, 87, 937, 22, 261, 844, 141, 249, 690, 54, 200, 689, 488, 103, 52, 314, 13, 80, 14, 412, 805, 694, 179, 493, 426, 619, 751, 723, 817, 243, 948, 48, 712, 49, 458, 618, 186, 813, 732, 56, 677, 253, 515, 827, 23, 24], "UW error": 6.4500000000000002}
