{"SRW error": 6.4199999999999999, "beta": [[25.029844403346313, 7.1505531191354823], 4167092.8985528583, {"warnflag": 0, "task": "CONVERGENCE: REL_REDUCTION_OF_F_<=_FACTR*EPSMCH", "grad": [0.0014712590947620896, -0.015719999060920031], "nit": 17, "funcalls": 20}], "train set": [779, 113, 717, 88, 238, 918, 181, 9, 437, 80, 844, 557, 267, 365, 607, 83, 193, 102, 57, 769, 103, 466, 225, 44, 422, 618, 248, 720, 209, 726, 877, 224, 707, 417, 198, 55, 751, 592, 997, 499, 199, 392, 851, 65, 100, 449, 709, 249, 155, 200, 435, 158, 912, 778, 260, 162, 277, 50, 685, 15, 72, 475, 222, 186, 168, 41, 457, 276, 78, 443, 588, 394, 244, 712, 723, 453, 40, 285, 97, 745, 493, 8, 45, 5, 77, 334, 274, 137, 205, 207, 304, 114, 14, 7, 440, 27, 974, 866, 104, 105, 481, 307, 936, 213, 139, 650, 35, 150, 572, 906, 268, 19, 10, 23, 51, 639, 689, 253, 217, 919, 488, 823, 43, 24, 661, 257, 109, 47, 203, 956, 890, 959, 151, 375, 780, 875, 586, 26, 110, 6, 69, 485, 61, 3, 473, 66, 803, 960, 121, 358, 98, 350, 284, 174, 46, 87, 143, 391, 387, 741, 82, 908, 265, 708, 426, 140, 927, 13, 214, 106, 171, 412, 691, 280, 827, 58, 173, 507, 885, 848, 419, 427, 59, 817, 95, 436, 830, 596, 287, 401, 197, 352, 201, 38, 92, 655, 533, 111, 25, 283], "test set": [34, 2, 93, 211, 497, 937, 713, 798, 820, 690, 68, 628, 141, 73, 573, 456, 370, 237, 551, 56, 785, 30, 202, 0, 353, 876, 910, 492, 948, 342, 923, 320, 924, 293, 261, 831, 554, 371, 515, 124, 75, 138, 84, 20, 468, 695, 263, 146, 681, 926, 239, 204, 338, 312, 362, 21, 229, 617, 494, 782, 619, 805, 450, 500, 303, 813, 408, 85, 314, 1, 429, 458, 756, 210, 386, 656, 452, 889, 29, 433, 718, 732, 792, 142, 415, 455, 329, 127, 305, 343, 62, 60, 223, 330, 49, 11, 502, 182, 476, 309], "UW error": 6.3300000000000001}
