{"SRW error": 6.1399999999999997, "beta": [[5.9335286510524092, 5.2568038206557004], 4193979.0951862861, {"warnflag": 0, "task": "CONVERGENCE: REL_REDUCTION_OF_F_<=_FACTR*EPSMCH", "grad": [0.012514040774021851, 0.040825485629511604], "nit": 11, "funcalls": 12}], "train set": [419, 488, 906, 284, 60, 257, 370, 0, 143, 209, 283, 305, 61, 452, 433, 918, 515, 109, 959, 304, 551, 50, 27, 66, 330, 596, 691, 9, 415, 343, 30, 387, 974, 391, 179, 217, 320, 35, 45, 456, 718, 782, 229, 80, 713, 912, 265, 542, 205, 307, 619, 639, 243, 168, 717, 19, 334, 709, 6, 276, 557, 628, 830, 146, 271, 350, 285, 792, 435, 274, 440, 694, 121, 458, 394, 875, 573, 429, 817, 2, 15, 198, 443, 365, 268, 277, 475, 358, 92, 805, 126, 329, 592, 14, 24, 650, 831, 720, 82, 408, 436, 248, 173, 449, 249, 238, 778, 851, 263, 103, 72, 137, 427, 422, 214, 485, 924, 661, 342, 85, 41, 684, 141, 779, 52, 139, 5, 75, 23, 306, 201, 7, 937, 303, 65, 499, 677, 78, 261, 838, 769, 287, 559, 40, 457, 106, 68, 155, 862, 928, 55, 244, 48, 210, 42, 56, 876, 151, 386, 525, 47, 820, 617, 655, 150, 960, 813, 22, 392, 656, 100, 848, 237, 124, 726, 417, 127, 426, 468, 77, 111, 476, 225, 58, 707, 211, 509, 1, 466, 685, 174, 690, 796, 494, 171, 741, 181, 8, 83, 88], "test set": [473, 956, 756, 607, 412, 861, 87, 49, 885, 481, 309, 142, 948, 62, 362, 199, 44, 26, 353, 202, 197, 239, 25, 493, 46, 102, 437, 57, 33, 927, 409, 745, 207, 186, 189, 866, 997, 280, 453, 889, 3, 97, 890, 193, 104, 110, 31, 38, 200, 162, 81, 780, 21, 785, 533, 260, 222, 314, 926, 360, 497, 73, 352, 140, 450, 936, 203, 910, 138, 923, 455, 69, 371, 502, 708, 681, 13, 51, 120, 572, 204, 554, 182, 500, 507, 732, 712, 213, 59, 223, 11, 84, 224, 114, 401, 29, 293, 135, 105, 240], "UW error": 6.1500000000000004}
