{"beta": [[88.587031161624651, 264.65302945869593], 2238909.126284793, {"warnflag": 0, "task": "CONVERGENCE: REL_REDUCTION_OF_F_<=_FACTR*EPSMCH", "grad": [-0.014972805579585875, 0.0016096871087364229], "nit": 16, "funcalls": 19}], "train set": [455, 830, 102, 249, 309, 450, 330, 11, 80, 106, 427, 21, 927, 542, 650, 171, 261, 211, 135, 0, 937, 62, 139, 43, 1, 592, 78, 350, 222, 572, 84, 974, 285, 354, 387, 468, 449, 676, 143, 817, 792, 225, 44, 248, 876, 244, 475, 151, 5, 103, 862, 375, 918, 906, 31, 681, 392, 426, 717, 205, 197, 307, 948, 82, 780, 452, 851, 831, 877, 437, 525, 334, 408, 494, 276, 924, 718, 422, 866, 304, 343, 207, 844, 55, 29, 533, 628, 493, 551, 58, 352, 146, 162, 960, 443, 284, 769, 203, 353, 224], "test set": [455, 830, 102, 249, 309, 450, 330, 11, 80, 106, 427, 21, 927, 542, 650, 171, 261, 211, 135, 0, 937, 62, 139, 43, 1, 592, 78, 350, 222, 572, 84, 974, 285, 354, 387, 468, 449, 676, 143, 817, 792, 225, 44, 248, 876, 244, 475, 151, 5, 103, 862, 375, 918, 906, 31, 681, 392, 426, 717, 205, 197, 307, 948, 82, 780, 452, 851, 831, 877, 437, 525, 334, 408, 494, 276, 924, 718, 422, 866, 304, 343, 207, 844, 55, 29, 533, 628, 493, 551, 58, 352, 146, 162, 960, 443, 284, 769, 203, 353, 224]}
