{"SRW error": 5.7400000000000002, "beta": [[233.8965609191639, 22.994748024895038], 4496653.9683532985, {"warnflag": 0, "task": "CONVERGENCE: REL_REDUCTION_OF_F_<=_FACTR*EPSMCH", "grad": [0.00034177774678342474, -0.0043172653316043696], "nit": 17, "funcalls": 20}], "train set": [54, 6, 330, 267, 778, 329, 371, 412, 179, 650, 862, 83, 391, 261, 13, 488, 102, 557, 263, 912, 243, 851, 433, 603, 908, 127, 712, 936, 31, 875, 150, 509, 928, 426, 225, 354, 362, 619, 95, 780, 707, 124, 353, 103, 924, 49, 249, 213, 126, 617, 573, 293, 745, 848, 723, 343, 62, 210, 72, 408, 287, 201, 229, 458, 8, 158, 224, 691, 401, 450, 689, 720, 919, 927, 960, 533, 792, 121, 726, 304, 449, 820, 499, 417, 222, 85, 223, 174, 209, 827, 22, 151, 171, 554, 284, 110, 394, 42, 193, 75, 695, 2, 918, 55, 200, 684, 457, 926, 109, 10, 285, 50, 494, 61, 217, 370, 41, 756, 592, 271, 334, 375, 48, 769, 628, 244, 466, 29, 23, 26, 309, 182, 741, 237, 35, 9, 365, 906, 248, 639, 959, 3, 66, 60, 817, 677, 25, 392, 141, 38, 492, 435, 65, 694, 173, 69, 19, 45, 203, 100, 419, 437, 198, 40, 88, 44, 268, 21, 283, 80, 937, 93, 68, 618, 890, 191, 253, 155, 111, 30, 455, 476, 140, 387, 885, 57, 98, 485, 515, 142, 507, 607, 92, 409, 910, 717, 838, 782, 713, 877], "test set": [320, 831, 46, 500, 5, 24, 338, 440, 162, 104, 52, 948, 305, 796, 656, 429, 586, 732, 866, 861, 681, 358, 306, 138, 427, 277, 468, 456, 889, 708, 779, 113, 199, 572, 139, 303, 181, 813, 342, 350, 481, 87, 676, 493, 265, 81, 805, 51, 798, 20, 997, 443, 43, 559, 473, 257, 214, 135, 661, 655, 186, 415, 77, 551, 238, 73, 114, 312, 56, 105, 386, 1, 239, 709, 685, 202, 78, 497, 137, 15, 844, 360, 14, 436, 751, 34, 47, 956, 542, 197, 588, 690, 27, 189, 502, 120, 59, 260, 276, 106], "UW error": 5.7000000000000002}
