{"SRW error": 6.2199999999999998, "beta": [[74.020351378483909, 9.391239939672845], 4117005.26213936, {"warnflag": 0, "task": "CONVERGENCE: REL_REDUCTION_OF_F_<=_FACTR*EPSMCH", "grad": [-0.017913635634039263, 0.18768075165000647], "nit": 17, "funcalls": 19}], "train set": [124, 173, 848, 8, 429, 225, 27, 468, 918, 41, 58, 542, 100, 142, 959, 186, 277, 371, 214, 449, 422, 497, 353, 223, 95, 974, 435, 924, 114, 830, 85, 158, 10, 285, 19, 26, 143, 205, 62, 923, 280, 34, 596, 46, 499, 717, 73, 851, 55, 168, 330, 409, 713, 200, 217, 386, 5, 475, 408, 83, 257, 50, 52, 427, 329, 14, 44, 885, 838, 110, 782, 756, 695, 433, 452, 75, 109, 619, 30, 694, 197, 202, 305, 199, 92, 1, 691, 98, 401, 426, 54, 248, 458, 66, 49, 586, 708, 334, 271, 343, 655, 140, 889, 358, 31, 798, 572, 57, 253, 314, 827, 778, 25, 127, 554, 473, 392, 875, 726, 151, 394, 191, 103, 573, 502, 240, 15, 455, 11, 912, 320, 685, 38, 189, 817, 360, 80, 309, 456, 171, 0, 24, 59, 690, 493, 193, 937, 466, 603, 588, 21, 676, 2, 211, 661, 370, 592, 88, 417, 877, 6, 844, 440, 155, 533, 507, 607, 515, 476, 712, 274, 267, 926, 179, 861, 485, 276, 391, 805, 61, 488, 628, 265, 769, 13, 375, 751, 718, 77, 68, 261, 732, 681, 48, 209, 3, 84, 342, 238, 936], "test set": [287, 650, 162, 60, 927, 224, 362, 509, 919, 237, 120, 862, 803, 525, 720, 823, 244, 617, 82, 182, 306, 796, 709, 820, 174, 453, 312, 137, 22, 723, 876, 203, 350, 500, 65, 42, 785, 29, 113, 656, 890, 443, 689, 387, 559, 551, 104, 352, 138, 213, 412, 43, 948, 51, 97, 69, 81, 146, 831, 111, 741, 40, 956, 910, 997, 56, 222, 23, 707, 263, 780, 135, 960, 141, 45, 639, 35, 492, 72, 745, 293, 87, 102, 866, 684, 33, 906, 557, 365, 437, 813, 105, 150, 181, 243, 126, 792, 121, 419, 93], "UW error": 6.3899999999999997}
