{"beta": [0.31079193557983381, -0.29138666092083643], "noise": 0.75, "error": [0.45, 0.53, 0.59]}
