{"beta": [9.0048597514420123, -16.773378178024373], "noise": 0.1, "error": [0.28, 0.05, 0.15]}
