{"beta": [0.007286557112658805, -0.29747843155803855], "noise": 1, "error": [0.16, 0.24, 0.19]}
