{"beta": [0.47550640633951297, -0.3263878418462739], "noise": 0.5, "error": [0.12, 0.15, 0.19]}
