{"beta": [0.095420317608197913, -0.055007154747098462], "noise": 1, "error": [0.13, 0.29, 0.14]}
