{"beta": [0.062925071920890474, -0.35456745993613914], "noise": 1, "error": [0.16, 0.23, 0.17]}
