{"beta": [0.070868597168146377, -0.049766852424772273], "noise": 1.5, "error": [0.59, 0.65, 0.6]}
{"beta": [0.02787876038306079, -0.081815666522031275], "noise": 1.5, "error": [0.58, 0.76, 0.59]}
{"beta": [0.029919964388228786, -0.075739433319781585], "noise": 1.5, "error": [0.5, 0.7, 0.53]}
{"beta": [0.064613718679831289, -0.082702804179543787], "noise": 1.5, "error": [0.6, 0.69, 0.66]}
{"beta": [0.039661348857983073, -0.042468573312552792], "noise": 1.5, "error": [0.56, 0.73, 0.55]}
{"beta": [0.098364989347074702, -0.02531028371333164], "noise": 1.5, "error": [0.59, 0.68, 0.56]}
{"beta": [0.048493564840936892, -0.017576973130568593], "noise": 1.5, "error": [0.62, 0.73, 0.62]}
{"beta": [0.045558928717093536, -0.095346315053363967], "noise": 1.5, "error": [0.55, 0.74, 0.58]}
{"beta": [0.092475284566904736, -0.078465575012281435], "noise": 1.5, "error": [0.52, 0.73, 0.57]}
{"beta": [0.054110531926131127, -0.087237365687165752], "noise": 1.5, "error": [0.5, 0.7, 0.52]}
