{"beta": [0.17419541128507271, -0.16492659922844152], "noise": 1, "error": [0.44, 0.56, 0.47]}
{"beta": [0.21072401910686431, -0.12746283260148852], "noise": 1, "error": [0.51, 0.59, 0.53]}
{"beta": [0.17664424257709838, -0.22461152318843117], "noise": 1, "error": [0.44, 0.63, 0.55]}
{"beta": [0.096824243730744372, -0.15332011151445649], "noise": 1, "error": [0.5, 0.55, 0.55]}
{"beta": [0.03550981850378912, -0.20031611516623832], "noise": 1, "error": [0.55, 0.68, 0.59]}
{"beta": [0.078705361275113586, -0.13761583570468319], "noise": 1, "error": [0.49, 0.55, 0.57]}
{"beta": [0.21422852324439448, -0.14391007735138248], "noise": 1, "error": [0.52, 0.58, 0.64]}
{"beta": [0.08260442979861285, -0.19960971663857902], "noise": 1, "error": [0.48, 0.56, 0.54]}
{"beta": [0.11774360234862741, -0.10304198649929504], "noise": 1, "error": [0.53, 0.64, 0.55]}
{"beta": [0.18275421614434914, -0.10491427818601805], "noise": 1, "error": [0.59, 0.65, 0.62]}
