{"beta": [0.034565856043601982, -0.033579738090619156], "noise": 2, "error": [0.53, 0.71, 0.55]}
{"beta": [0.034535484860806556, 0.0059584273213181462], "noise": 2, "error": [0.55, 0.7, 0.57]}
{"beta": [-0.0023156218870895818, -0.045403347967207353], "noise": 2, "error": [0.6, 0.79, 0.6]}
{"beta": [0.019235495130660758, -0.024677792564305676], "noise": 2, "error": [0.54, 0.73, 0.54]}
{"beta": [0.0035962152645069275, -0.044274987183071692], "noise": 2, "error": [0.58, 0.75, 0.58]}
{"beta": [0.029347391922745217, -0.0093885400291745542], "noise": 2, "error": [0.61, 0.82, 0.6]}
{"beta": [-0.00023578625473662731, -0.033535912996063157], "noise": 2, "error": [0.59, 0.72, 0.56]}
{"beta": [-0.010057667353920923, -0.005979998055862302], "noise": 2, "error": [0.56, 0.71, 0.55]}
{"beta": [0.062843368634572128, -0.045828512420159631], "noise": 2, "error": [0.6, 0.73, 0.61]}
{"beta": [0.0303832025842889, -0.0050679739704747725], "noise": 2, "error": [0.6, 0.83, 0.6]}
