{"beta": [0.35409678446211129, -0.48908281362865136], "noise": 0.5, "error": [0.43, 0.44, 0.54]}
{"beta": [0.529648073041603, -0.5052046156141109], "noise": 0.5, "error": [0.36, 0.34, 0.65]}
{"beta": [0.45612751949284458, -0.29574633689728458], "noise": 0.5, "error": [0.42, 0.48, 0.56]}
{"beta": [0.53233915398570675, -0.38877402724563503], "noise": 0.5, "error": [0.38, 0.37, 0.58]}
{"beta": [0.65158162861304902, -0.33572515557081861], "noise": 0.5, "error": [0.35, 0.38, 0.61]}
{"beta": [0.25010163672739222, -0.45202545153114976], "noise": 0.5, "error": [0.41, 0.34, 0.54]}
{"beta": [0.41229638252448064, -0.42487345988610858], "noise": 0.5, "error": [0.38, 0.36, 0.64]}
{"beta": [0.38177342949482779, -0.33486127113159264], "noise": 0.5, "error": [0.33, 0.35, 0.52]}
{"beta": [0.39745536703480433, -0.42507403259236359], "noise": 0.5, "error": [0.38, 0.4, 0.59]}
{"beta": [0.49447789648448476, -0.46365061381350275], "noise": 0.5, "error": [0.42, 0.36, 0.61]}
{"beta": [0.25812221207624753, -0.32621985032381789], "noise": 0.75, "error": [0.45, 0.54, 0.53]}
{"beta": [0.26815063865895783, -0.32493255667279841], "noise": 0.75, "error": [0.46, 0.58, 0.59]}
{"beta": [0.31596723863058868, -0.23644964368527144], "noise": 0.75, "error": [0.58, 0.55, 0.62]}
{"beta": [0.21491232786890335, -0.22708581697379118], "noise": 0.75, "error": [0.47, 0.56, 0.57]}
{"beta": [0.24741143756411665, -0.26068157199004133], "noise": 0.75, "error": [0.42, 0.48, 0.57]}
{"beta": [0.37074713210207427, -0.20082605107684001], "noise": 0.75, "error": [0.5, 0.5, 0.66]}
{"beta": [0.2827319654496932, -0.39082048085926363], "noise": 0.75, "error": [0.45, 0.46, 0.56]}
{"beta": [0.19470106791121797, -0.31316968821555702], "noise": 0.75, "error": [0.53, 0.54, 0.64]}
{"beta": [0.27997203559372263, -0.33501926222500894], "noise": 0.75, "error": [0.44, 0.45, 0.5]}
{"beta": [0.22825954572840862, -0.22095749376571425], "noise": 0.75, "error": [0.48, 0.46, 0.62]}
{"beta": [0.093251517933585978, -0.14324319757939499], "noise": 1.25, "error": [0.49, 0.66, 0.54]}
{"beta": [0.10951858118937377, -0.13970833440685615], "noise": 1.25, "error": [0.47, 0.57, 0.52]}
{"beta": [0.052418212146611708, -0.091582529671502322], "noise": 1.25, "error": [0.5, 0.77, 0.52]}
{"beta": [0.11613031736817152, -0.062057025176767686], "noise": 1.25, "error": [0.55, 0.61, 0.6]}
{"beta": [0.083854902533644457, -0.073779394276247259], "noise": 1.25, "error": [0.54, 0.69, 0.57]}
{"beta": [0.096690660854571314, -0.064937201684122814], "noise": 1.25, "error": [0.51, 0.63, 0.58]}
{"beta": [0.055318712837241296, -0.11213691575386482], "noise": 1.25, "error": [0.56, 0.68, 0.61]}
{"beta": [0.080371386417908183, -0.086022187404637518], "noise": 1.25, "error": [0.57, 0.69, 0.63]}
{"beta": [0.11781647202826817, -0.036703219902869413], "noise": 1.25, "error": [0.48, 0.66, 0.58]}
{"beta": [0.017439361014631328, -0.075832229436547341], "noise": 1.25, "error": [0.6, 0.65, 0.62]}
