{"beta": [1.0519144706544785, -0.95901776524063487], "noise": 0, "error": [0.03, 0.0, 0.6]}
{"beta": [0.9119393187503122, -0.87646410643922601], "noise": 0, "error": [0.04, 0.0, 0.53]}
{"beta": [1.1031992436724265, -0.96337957966847632], "noise": 0, "error": [0.06, 0.0, 0.54]}
{"beta": [1.0175138769672518, -0.95484132173716652], "noise": 0, "error": [0.03, 0.0, 0.54]}
{"beta": [1.0848811567197076, -1.2139753183199622], "noise": 0, "error": [0.05, 0.0, 0.56]}
{"beta": [1.0134924630224547, -0.93905983074891486], "noise": 0, "error": [0.03, 0.0, 0.57]}
{"beta": [0.88728258917862801, -0.9282861405736057], "noise": 0, "error": [0.02, 0.0, 0.53]}
{"beta": [1.0356002924648742, -0.82237337756082574], "noise": 0, "error": [0.06, 0.0, 0.55]}
{"beta": [1.2490093599501872, -0.79493623053309037], "noise": 0, "error": [0.17, 0.0, 0.69]}
{"beta": [1.0475107916030539, -1.1657853341669171], "noise": 0, "error": [0.02, 0.0, 0.58]}
{"beta": [0.91888406794559119, -0.86015351233455928], "noise": 0.05, "error": [0.07, 0.08, 0.56]}
{"beta": [0.85136717825465025, -1.0289403442213216], "noise": 0.05, "error": [0.09, 0.04, 0.55]}
{"beta": [1.0010489590512772, -0.96784478203434665], "noise": 0.05, "error": [0.06, 0.05, 0.6]}
{"beta": [1.1007850868891302, -1.0657955853062766], "noise": 0.05, "error": [0.03, 0.02, 0.56]}
{"beta": [1.0375551633959192, -0.98320461345113241], "noise": 0.05, "error": [0.03, 0.04, 0.61]}
{"beta": [0.88467530043962972, -0.91797342642068747], "noise": 0.05, "error": [0.04, 0.04, 0.51]}
{"beta": [0.92834400709561482, -0.89791975414984382], "noise": 0.05, "error": [0.07, 0.05, 0.58]}
{"beta": [2.4734600251856542, -3.8346845873080526], "noise": 0.05, "error": [0.36, 0.04, 0.64]}
{"beta": [0.94047123578397496, -0.96659624262533528], "noise": 0.05, "error": [0.04, 0.04, 0.55]}
{"beta": [0.94273051251838591, -0.93238075821948541], "noise": 0.05, "error": [0.04, 0.04, 0.6]}
{"beta": [0.91292079369299894, -0.93640619790790258], "noise": 0.1, "error": [0.08, 0.07, 0.62]}
{"beta": [0.9147936109886825, -0.86556742430339395], "noise": 0.1, "error": [0.1, 0.08, 0.59]}
{"beta": [0.93250198434487186, -0.98251870272111463], "noise": 0.1, "error": [0.1, 0.09, 0.54]}
{"beta": [0.90596431889954998, -1.0391846321935054], "noise": 0.1, "error": [0.09, 0.09, 0.55]}
{"beta": [1.1212539356526521, -1.6335532658942109], "noise": 0.1, "error": [0.18, 0.05, 0.6]}
{"beta": [0.87062105983231175, -0.98949322759270975], "noise": 0.1, "error": [0.07, 0.08, 0.52]}
{"beta": [0.84449053320134115, -0.87259856655508639], "noise": 0.1, "error": [0.1, 0.09, 0.62]}
{"beta": [2.3526027461576735, -2.6314608830162505], "noise": 0.1, "error": [0.26, 0.07, 0.58]}
{"beta": [1.0109855050514627, -0.96944375408646966], "noise": 0.1, "error": [0.13, 0.13, 0.57]}
{"beta": [0.90830194031742861, -0.88159988195162908], "noise": 0.1, "error": [0.09, 0.09, 0.51]}
{"beta": [0.88775907805168075, -0.83934702942612505], "noise": 0.15, "error": [0.15, 0.16, 0.61]}
{"beta": [1.1352468866278576, -1.0105816156006124], "noise": 0.15, "error": [0.12, 0.09, 0.58]}
{"beta": [0.84539041740305887, -1.044274310082328], "noise": 0.15, "error": [0.15, 0.11, 0.58]}
{"beta": [0.98909203847739768, -0.80308250928109426], "noise": 0.15, "error": [0.12, 0.11, 0.6]}
{"beta": [0.88769906357721229, -0.85638722143920032], "noise": 0.15, "error": [0.15, 0.14, 0.56]}
{"beta": [0.81352275106091465, -0.9250163945092168], "noise": 0.15, "error": [0.11, 0.08, 0.6]}
{"beta": [0.98599491820263496, -1.015922710955232], "noise": 0.15, "error": [0.15, 0.15, 0.61]}
{"beta": [0.93307956438739781, -0.94611383587494646], "noise": 0.15, "error": [0.12, 0.14, 0.58]}
{"beta": [0.88131413494716115, -0.88361436244861791], "noise": 0.15, "error": [0.13, 0.12, 0.49]}
{"beta": [0.86446313634923588, -0.89812834115146267], "noise": 0.15, "error": [0.14, 0.13, 0.57]}
{"beta": [0.76529615730586409, -0.83733315281696363], "noise": 0.2, "error": [0.19, 0.22, 0.52]}
{"beta": [0.85961755598360312, -0.87417091601719243], "noise": 0.2, "error": [0.13, 0.15, 0.58]}
{"beta": [0.84721922398574023, -0.94074738421769155], "noise": 0.2, "error": [0.19, 0.18, 0.56]}
{"beta": [0.71042210445217913, -0.6304988956532861], "noise": 0.2, "error": [0.2, 0.19, 0.55]}
{"beta": [0.81797135413175159, -0.89113340103636351], "noise": 0.2, "error": [0.14, 0.16, 0.53]}
{"beta": [0.75392262749504024, -0.76881553438900774], "noise": 0.2, "error": [0.2, 0.2, 0.62]}
{"beta": [0.6121006321275706, -0.70386594297352945], "noise": 0.2, "error": [0.19, 0.18, 0.53]}
{"beta": [0.75380339008489805, -0.68629277288796775], "noise": 0.2, "error": [0.18, 0.18, 0.58]}
{"beta": [1.4386643665840098, -0.88764203081240611], "noise": 0.2, "error": [0.25, 0.17, 0.56]}
{"beta": [0.87221961675763082, -0.84712231663780246], "noise": 0.2, "error": [0.16, 0.18, 0.54]}
{"beta": [0.68608550521902578, -0.79466449002818151], "noise": 0.25, "error": [0.26, 0.23, 0.68]}
{"beta": [2.4476637914917068, -2.6990212328988719], "noise": 0.25, "error": [0.46, 0.26, 0.55]}
{"beta": [0.65996297055060638, -0.77822422001247005], "noise": 0.25, "error": [0.21, 0.2, 0.54]}
{"beta": [0.77312397253015475, -0.64278512120902032], "noise": 0.25, "error": [0.23, 0.23, 0.57]}
{"beta": [0.74735647373104586, -0.82495564991317571], "noise": 0.25, "error": [0.18, 0.17, 0.65]}
{"beta": [0.87735488559092445, -0.87878959108783428], "noise": 0.25, "error": [0.17, 0.19, 0.53]}
{"beta": [0.85431208767600464, -0.72351349296702139], "noise": 0.25, "error": [0.25, 0.24, 0.62]}
{"beta": [1.5617669582801728, -3.2283092536579945], "noise": 0.25, "error": [0.38, 0.22, 0.65]}
{"beta": [0.62526436259097173, -0.69872059217924087], "noise": 0.25, "error": [0.21, 0.22, 0.5]}
{"beta": [0.96705431594754099, -0.91502291043294903], "noise": 0.25, "error": [0.16, 0.17, 0.59]}
