{"SRW hit": 6.6600000000000001, "beta": [[9.8869861581968834, 4.1487710066231456], 4033572.2530523264, {"warnflag": 0, "task": "CONVERGENCE: REL_REDUCTION_OF_F_<=_FACTR*EPSMCH", "grad": [0.0071767870724670502, 0.0040062789248622721], "nit": 12, "funcalls": 14}], "train set": [77, 429, 928, 554, 908, 293, 876, 655, 619, 492, 173, 249, 475, 267, 362, 435, 817, 59, 437, 426, 820, 58, 239, 350, 906, 210, 243, 141, 436, 207, 69, 214, 114, 639, 312, 676, 44, 493, 48, 303, 392, 2, 137, 224, 823, 409, 68, 997, 803, 126, 691, 274, 778, 87, 305, 745, 182, 751, 551, 61, 785, 918, 204, 14, 712, 7, 285, 260, 50, 707, 457, 401, 502, 203, 937, 127, 354, 60, 72, 201, 110, 143, 391, 974, 223, 417, 440, 26, 23, 109, 189, 92, 343, 24, 862, 229, 890, 198, 485, 720, 889, 926, 237, 488, 661, 97, 5, 449, 330, 386, 57, 171, 283, 168, 371, 34, 924, 193, 102, 42, 831, 497, 31, 628, 10, 408, 253, 342, 684, 15, 838, 197, 780, 314, 481, 910, 307, 106, 805, 84, 287, 309, 52, 681, 694, 306, 603, 677, 29, 103, 33, 240, 199, 877, 27, 104, 919, 456, 494, 713, 191, 723, 9, 277, 618, 13, 280, 848, 179, 573, 49, 779, 726, 120, 353, 466, 81, 827, 813, 473, 268, 394, 40, 20, 617, 542, 453, 257, 923, 25, 244, 271, 685, 912, 135, 30, 140, 100, 709, 186], "test set": [56, 769, 927, 105, 150, 338, 11, 73, 200, 158, 3, 741, 360, 718, 320, 174, 43, 329, 861, 798, 375, 365, 98, 111, 586, 443, 155, 433, 525, 181, 830, 557, 509, 162, 304, 358, 46, 142, 352, 559, 113, 476, 756, 650, 121, 1, 956, 22, 41, 209, 248, 139, 47, 690, 689, 796, 19, 51, 211, 85, 217, 419, 533, 387, 334, 695, 93, 276, 80, 656, 596, 205, 875, 138, 885, 507, 225, 792, 38, 499, 936, 54, 592, 88, 284, 6, 238, 124, 202, 213, 222, 83, 607, 427, 62, 370, 35, 55, 458, 65], "UW hit": 6.5099999999999998}
